{"stats":{"minecraft:custom":{"minecraft:open_shulker_box":8,"minecraft:leave_game":178,"minecraft:time_since_death":37195,"minecraft:sprint_one_cm":7973888,"minecraft:drop":136,"minecraft:deaths":196,"minecraft:jump":75072,"minecraft:walk_on_water_one_cm":193768,"minecraft:play_one_minute":8009797,"minecraft:damage_dealt":140,"minecraft:crouch_one_cm":1259894,"minecraft:interact_with_anvil":2,"minecraft:mob_kills":2,"minecraft:climb_one_cm":336025,"minecraft:walk_one_cm":6710750,"minecraft:sneak_time":549460,"minecraft:walk_under_water_one_cm":542455,"minecraft:tune_noteblock":57,"minecraft:pot_flower":3,"minecraft:time_since_rest":37220,"minecraft:damage_taken":60060,"minecraft:swim_one_cm":90675,"minecraft:fly_one_cm":51684246,"minecraft:open_chest":24,"minecraft:fall_one_cm":1336998},"minecraft:used":{"minecraft:peony":15,"minecraft:nether_brick_fence":78,"minecraft:jack_o_lantern":128,"minecraft:blue_terracotta":256,"minecraft:writable_book":185,"minecraft:red_sand":210,"minecraft:melon":35,"minecraft:cut_red_sandstone_slab":5,"minecraft:smooth_quartz_slab":346,"minecraft:spruce_slab":20,"minecraft:bone_block":112,"minecraft:dead_brain_coral":2,"minecraft:ladder":810,"minecraft:oak_sign":19,"minecraft:black_carpet":157,"minecraft:polished_basalt":248,"minecraft:white_concrete_powder":105,"minecraft:chest":3,"minecraft:brown_concrete":23,"minecraft:white_terracotta":411,"minecraft:stone":6322,"minecraft:iron_sword":3,"minecraft:purple_shulker_box":4,"minecraft:stripped_jungle_wood":232,"minecraft:red_nether_brick_stairs":50,"minecraft:warped_sign":6,"minecraft:grass":363,"minecraft:bubble_coral":5,"minecraft:mossy_stone_brick_slab":2,"minecraft:player_head":17,"minecraft:smooth_sandstone_stairs":62,"minecraft:tube_coral":5,"minecraft:green_terracotta":292,"minecraft:spruce_leaves":710,"minecraft:chiseled_red_sandstone":157,"minecraft:soul_sand":439,"minecraft:birch_pressure_plate":48,"minecraft:lily_of_the_valley":43,"minecraft:blue_stained_glass":26,"minecraft:brick_slab":159,"minecraft:orange_glazed_terracotta":6,"minecraft:jungle_planks":1,"minecraft:nether_bricks":364,"minecraft:prismarine_brick_stairs":3,"minecraft:jungle_slab":68,"minecraft:allium":4,"minecraft:orange_wool":212,"minecraft:pink_terracotta":50,"minecraft:beehive":11,"minecraft:cyan_wool":86,"minecraft:azure_bluet":28,"minecraft:weeping_vines":102,"minecraft:obsidian":207,"minecraft:jungle_sapling":20,"minecraft:glass":219,"minecraft:packed_ice":233,"minecraft:honey_block":296,"minecraft:coal_ore":98,"minecraft:cyan_terracotta":158,"minecraft:lava_bucket":384,"minecraft:netherite_shovel":37,"minecraft:bricks":253,"minecraft:black_stained_glass_pane":12,"minecraft:quartz_pillar":12,"minecraft:red_wool":273,"minecraft:jungle_fence_gate":8,"minecraft:quartz_slab":14,"minecraft:warped_hyphae":151,"minecraft:spruce_wood":215,"minecraft:lantern":95,"minecraft:grass_block":2771,"minecraft:blue_orchid":52,"minecraft:quartz_block":1457,"minecraft:green_wool":336,"minecraft:warped_nylium":368,"minecraft:wet_sponge":30,"minecraft:dark_oak_wood":141,"minecraft:dark_oak_leaves":118,"minecraft:dark_oak_slab":115,"minecraft:mossy_cobblestone_slab":8,"minecraft:tropical_fish_spawn_egg":58,"minecraft:pink_wool":80,"minecraft:stone_brick_stairs":182,"minecraft:stone_bricks":1273,"minecraft:red_nether_brick_wall":27,"minecraft:honeycomb_block":364,"minecraft:item_frame":1,"minecraft:birch_button":2,"minecraft:bedrock":40,"minecraft:repeater":1955,"minecraft:birch_trapdoor":2,"minecraft:red_stained_glass_pane":146,"minecraft:red_carpet":126,"minecraft:redstone_lamp":143,"minecraft:snow":341,"minecraft:magma_block":670,"minecraft:brown_carpet":8,"minecraft:horn_coral":16,"minecraft:warped_fungus":15,"minecraft:written_book":25,"minecraft:oak_sapling":13,"minecraft:furnace":1,"minecraft:gold_block":531,"minecraft:acacia_fence":106,"minecraft:polished_diorite_stairs":34,"minecraft:end_stone_brick_stairs":34,"minecraft:fire_coral_fan":4,"minecraft:large_fern":30,"minecraft:polished_blackstone_stairs":29,"minecraft:seagrass":58,"minecraft:dark_prismarine_stairs":224,"minecraft:brown_concrete_powder":22,"minecraft:dark_oak_sapling":28,"minecraft:light_blue_carpet":100,"minecraft:emerald_ore":37,"minecraft:dark_oak_stairs":79,"minecraft:tube_coral_fan":4,"minecraft:mossy_stone_bricks":16,"minecraft:diorite":204,"minecraft:end_rod":398,"minecraft:end_stone_bricks":442,"minecraft:spruce_door":5,"minecraft:brick_wall":37,"minecraft:stripped_acacia_log":17,"minecraft:stripped_birch_log":26,"minecraft:birch_leaves":401,"minecraft:red_stained_glass":201,"minecraft:blackstone":840,"minecraft:jungle_fence":237,"minecraft:blackstone_stairs":17,"minecraft:prismarine":309,"minecraft:oak_planks":315,"minecraft:prismarine_stairs":109,"minecraft:birch_wood":382,"minecraft:cactus":269,"minecraft:polished_diorite_slab":6,"minecraft:orange_tulip":101,"minecraft:ender_pearl":37,"minecraft:lime_concrete_powder":27,"minecraft:mossy_stone_brick_stairs":2,"minecraft:sandstone":272,"minecraft:composter":57,"minecraft:redstone_block":86,"minecraft:structure_void":17,"minecraft:sugar_cane":185,"minecraft:purpur_pillar":222,"minecraft:oak_leaves":1086,"minecraft:smooth_quartz_stairs":151,"minecraft:white_wool":450,"minecraft:brain_coral":5,"minecraft:sand":804,"minecraft:purpur_stairs":305,"minecraft:light_blue_concrete":481,"minecraft:yellow_terracotta":253,"minecraft:infested_chiseled_stone_bricks":1,"minecraft:cut_sandstone_slab":81,"minecraft:yellow_concrete":2326,"minecraft:light_blue_wool":148,"minecraft:purple_terracotta":179,"minecraft:smooth_red_sandstone":37,"minecraft:light_gray_terracotta":1,"minecraft:sponge":93,"minecraft:blue_ice":333,"minecraft:acacia_leaves":334,"minecraft:dead_bubble_coral":5,"minecraft:cave_spider_spawn_egg":3,"minecraft:chiseled_quartz_block":328,"minecraft:blackstone_wall":30,"minecraft:note_block":7,"minecraft:gray_concrete":175,"minecraft:stone_brick_wall":196,"minecraft:black_concrete_powder":57,"minecraft:end_stone":1789,"minecraft:red_sandstone_wall":16,"minecraft:crimson_fence_gate":1,"minecraft:purple_concrete_powder":437,"minecraft:birch_fence":282,"minecraft:redstone_torch":97,"minecraft:sticky_piston":10,"minecraft:black_terracotta":44,"minecraft:dead_fire_coral_fan":6,"minecraft:lever":9,"minecraft:green_concrete":92,"minecraft:red_sandstone":254,"minecraft:black_concrete":1105,"minecraft:daylight_detector":24,"minecraft:crying_obsidian":28,"minecraft:chiseled_sandstone":47,"minecraft:acacia_door":3,"minecraft:dark_oak_log":4,"minecraft:birch_slab":368,"minecraft:light_gray_concrete":102,"minecraft:lime_carpet":416,"minecraft:heavy_weighted_pressure_plate":1,"minecraft:stone_button":81,"minecraft:brown_wool":69,"minecraft:brown_stained_glass":16,"minecraft:barrier":1146,"minecraft:warped_slab":115,"minecraft:red_terracotta":129,"minecraft:polished_granite":4,"minecraft:cut_red_sandstone":17,"minecraft:prismarine_wall":72,"minecraft:diamond_ore":22,"minecraft:iron_door":8,"minecraft:gravel":171,"minecraft:lilac":16,"minecraft:polished_andesite_slab":2,"minecraft:soul_lantern":17,"minecraft:blackstone_slab":113,"minecraft:magenta_stained_glass_pane":4,"minecraft:dead_horn_coral":2,"minecraft:jungle_sign":2,"minecraft:coal_block":83,"minecraft:nether_wart_block":26,"minecraft:smooth_red_sandstone_slab":75,"minecraft:dead_horn_coral_fan":21,"minecraft:crimson_door":12,"minecraft:birch_log":19,"minecraft:dark_oak_fence":199,"minecraft:ice":32,"minecraft:bubble_coral_block":10,"minecraft:white_stained_glass":249,"minecraft:green_concrete_powder":45,"minecraft:andesite":173,"minecraft:chain":288,"minecraft:pink_stained_glass":67,"minecraft:smooth_stone_slab":781,"minecraft:chest_minecart":5,"minecraft:white_concrete":411,"minecraft:coarse_dirt":132,"minecraft:chorus_plant":692,"minecraft:purple_wool":133,"minecraft:bone_meal":1422,"minecraft:cobweb":41,"minecraft:gray_stained_glass":151,"minecraft:oak_fence":485,"minecraft:oak_trapdoor":3,"minecraft:purpur_block":375,"minecraft:iron_bars":176,"minecraft:jungle_leaves":480,"minecraft:white_tulip":40,"minecraft:orange_concrete_powder":20,"minecraft:dead_bush":208,"minecraft:crimson_fence":104,"minecraft:rose_bush":18,"minecraft:enchanting_table":1,"minecraft:acacia_log":144,"minecraft:flint_and_steel":33,"minecraft:orange_concrete":341,"minecraft:brain_coral_fan":4,"minecraft:red_concrete":617,"minecraft:redstone_ore":25,"minecraft:armor_stand":2,"minecraft:stone_shovel":93,"minecraft:redstone":953,"minecraft:mycelium":480,"minecraft:light_blue_terracotta":151,"minecraft:spruce_planks":408,"minecraft:sandstone_wall":115,"minecraft:netherrack":1540,"minecraft:oak_door":10,"minecraft:orange_bed":4,"minecraft:orange_stained_glass":104,"minecraft:torch":726,"minecraft:end_stone_brick_wall":13,"minecraft:anvil":2,"minecraft:warped_wart_block":32,"minecraft:dirt":1395,"minecraft:ancient_debris":22,"minecraft:red_nether_brick_slab":183,"minecraft:white_carpet":28,"minecraft:chorus_flower":202,"minecraft:nether_quartz_ore":64,"minecraft:prismarine_bricks":323,"minecraft:spruce_stairs":25,"minecraft:twisting_vines":89,"minecraft:cobblestone_wall":11,"minecraft:crimson_hyphae":171,"minecraft:stone_stairs":12,"minecraft:dead_tube_coral":4,"minecraft:nether_brick_slab":135,"minecraft:warped_door":3,"minecraft:oak_wood":352,"minecraft:yellow_carpet":68,"minecraft:bee_nest":9,"minecraft:pink_carpet":94,"minecraft:polished_granite_slab":4,"minecraft:blue_concrete":76,"minecraft:granite":914,"minecraft:spruce_fence":24,"minecraft:light_blue_stained_glass":212,"minecraft:nether_brick_stairs":33,"minecraft:fern":128,"minecraft:polished_diorite":24,"minecraft:mossy_cobblestone_stairs":1,"minecraft:birch_door":16,"minecraft:shroomlight":326,"minecraft:purple_stained_glass_pane":216,"minecraft:stone_brick_slab":408,"minecraft:dark_oak_planks":147,"minecraft:brown_terracotta":381,"minecraft:sea_lantern":1296,"minecraft:red_tulip":64,"minecraft:light_gray_stained_glass":124,"minecraft:bookshelf":24,"minecraft:smooth_sandstone":179,"minecraft:spawner":7,"minecraft:yellow_stained_glass":154,"minecraft:iron_block":622,"minecraft:light_weighted_pressure_plate":2,"minecraft:oak_stairs":219,"minecraft:slime_block":693,"minecraft:brick_stairs":188,"minecraft:warped_fence":146,"minecraft:acacia_slab":148,"minecraft:jungle_log":17,"minecraft:crimson_slab":20,"minecraft:smooth_quartz":256,"minecraft:crimson_planks":168,"minecraft:prismarine_slab":121,"minecraft:bamboo":83,"minecraft:yellow_concrete_powder":274,"minecraft:light_gray_wool":59,"minecraft:basalt":1498,"minecraft:purple_concrete":132,"minecraft:glowstone":2621,"minecraft:emerald_block":27,"minecraft:lime_concrete":462,"minecraft:warped_stairs":80,"minecraft:black_stained_glass":308,"minecraft:magenta_wool":38,"minecraft:soul_soil":343,"minecraft:magenta_terracotta":185,"minecraft:lime_stained_glass":113,"minecraft:white_stained_glass_pane":63,"minecraft:podzol":95,"minecraft:acacia_wood":70,"minecraft:infested_cobblestone":48,"minecraft:horn_coral_block":13,"minecraft:stone_pressure_plate":25,"minecraft:acacia_planks":108,"minecraft:mossy_stone_brick_wall":23,"minecraft:orange_stained_glass_pane":305,"minecraft:orange_terracotta":570,"minecraft:pumpkin":1,"minecraft:horn_coral_fan":15,"minecraft:brain_coral_block":11,"minecraft:crimson_stem":1,"minecraft:quartz_bricks":34,"minecraft:water_bucket":502,"minecraft:nether_brick_wall":19,"minecraft:warped_stem":134,"minecraft:light_blue_shulker_box":1,"minecraft:iron_ore":69,"minecraft:pink_tulip":64,"minecraft:cobblestone_stairs":75,"minecraft:tube_coral_block":13,"minecraft:sandstone_stairs":106,"minecraft:snow_block":361,"minecraft:prismarine_brick_slab":27,"minecraft:birch_planks":302,"minecraft:yellow_shulker_box":3,"minecraft:polished_andesite":217,"minecraft:lime_wool":234,"minecraft:red_nether_bricks":348,"minecraft:bubble_coral_fan":4,"minecraft:blue_wool":177,"minecraft:smooth_sandstone_slab":198,"minecraft:purple_glazed_terracotta":87,"minecraft:red_mushroom_block":253,"minecraft:cut_sandstone":293,"minecraft:brown_mushroom":62,"minecraft:spruce_sign":2,"minecraft:cauldron":1,"minecraft:magenta_stained_glass":22,"minecraft:beacon":1,"minecraft:chiseled_nether_bricks":27,"minecraft:cobblestone_slab":67,"minecraft:gold_ore":52,"minecraft:cracked_stone_bricks":18,"minecraft:gilded_blackstone":10,"minecraft:pink_concrete":136,"minecraft:diamond_block":32,"minecraft:jungle_wood":35,"minecraft:polished_blackstone_pressure_plate":60,"minecraft:orange_carpet":33,"minecraft:mossy_cobblestone":175,"minecraft:lime_terracotta":837,"minecraft:rail":20,"minecraft:terracotta":573,"minecraft:vine":201,"minecraft:lime_bed":1,"minecraft:dark_prismarine_slab":48,"minecraft:oak_slab":173,"minecraft:crafting_table":2,"minecraft:red_mushroom":60,"minecraft:birch_sign":194,"minecraft:yellow_stained_glass_pane":19,"minecraft:campfire":3,"minecraft:fire_coral":5,"minecraft:painting":4,"minecraft:smooth_red_sandstone_stairs":118,"minecraft:warped_planks":133,"minecraft:spruce_log":54,"minecraft:cyan_stained_glass":28,"minecraft:mushroom_stem":238,"minecraft:nether_gold_ore":97,"minecraft:purple_stained_glass":137,"minecraft:oak_log":273,"minecraft:gray_terracotta":123,"minecraft:dark_prismarine":788,"minecraft:flower_pot":3,"minecraft:oxeye_daisy":41,"minecraft:black_wool":422,"minecraft:warped_trapdoor":23,"minecraft:acacia_sign":1,"minecraft:command_block":787,"minecraft:lapis_ore":58,"minecraft:cracked_nether_bricks":3,"minecraft:magenta_concrete":48,"minecraft:cyan_concrete":92,"minecraft:stone_slab":486,"minecraft:purpur_slab":348,"minecraft:spruce_trapdoor":7,"minecraft:spruce_sapling":25,"minecraft:crimson_nylium":417,"minecraft:yellow_wool":264,"minecraft:crimson_sign":3,"minecraft:blue_carpet":27,"minecraft:green_carpet":212,"minecraft:brown_stained_glass_pane":14,"minecraft:fire_coral_block":10,"minecraft:crimson_fungus":10,"minecraft:cobblestone":130,"minecraft:end_crystal":7,"minecraft:cyan_stained_glass_pane":76,"minecraft:crimson_stairs":102,"minecraft:red_concrete_powder":30,"minecraft:warped_fence_gate":3,"minecraft:chain_command_block":583,"minecraft:lapis_block":25,"minecraft:glass_pane":84,"minecraft:grass_path":4,"minecraft:repeating_command_block":82,"minecraft:polished_blackstone_button":89,"minecraft:sea_pickle":499,"minecraft:gray_wool":69,"minecraft:dandelion":53,"minecraft:kelp":325,"minecraft:brown_mushroom_block":134,"minecraft:smooth_stone":293,"minecraft:birch_stairs":135,"minecraft:soul_torch":98,"minecraft:green_stained_glass":27},"minecraft:killed":{"minecraft:cow":1,"minecraft:snow_golem":1},"minecraft:crafted":{"minecraft:leather_chestplate":8,"minecraft:leather_leggings":8,"minecraft:leather_boots":10},"minecraft:dropped":{"minecraft:gold_ore":1,"minecraft:spruce_sign":1,"minecraft:soul_sand":1,"minecraft:warped_fungus":1,"minecraft:emerald_ore":1,"minecraft:red_nether_brick_slab":2,"minecraft:lime_terracotta":2,"minecraft:chest_minecart":2,"minecraft:rail":1,"minecraft:dirt":2,"minecraft:dark_oak_fence":2,"minecraft:cut_sandstone":1,"minecraft:jungle_sign":1,"minecraft:bone_meal":1,"minecraft:smooth_red_sandstone_slab":1,"minecraft:dark_oak_planks":2,"minecraft:chorus_plant":1,"minecraft:purpur_block":1,"minecraft:blackstone":4,"minecraft:twisting_vines":1,"minecraft:oak_planks":2,"minecraft:end_stone":1,"minecraft:warped_sign":1,"minecraft:red_stained_glass_pane":1,"minecraft:coal_ore":1,"minecraft:quartz_block":5,"minecraft:glowstone":5,"minecraft:ladder":1,"minecraft:bee_nest":1,"minecraft:chest":1,"minecraft:basalt":2,"minecraft:red_nether_bricks":2,"minecraft:iron_ore":1,"minecraft:end_stone_bricks":1,"minecraft:campfire":1,"minecraft:warped_wart_block":1,"minecraft:purple_stained_glass_pane":1,"minecraft:chain_command_block":2,"minecraft:written_book":2,"minecraft:oak_leaves":1,"minecraft:netherrack":3,"minecraft:water_bucket":1,"minecraft:chorus_flower":1,"minecraft:polished_blackstone":1,"minecraft:mossy_cobblestone":1,"minecraft:oak_fence":2,"minecraft:command_block":3,"minecraft:polished_blackstone_button":3,"minecraft:grass_block":4,"minecraft:end_rod":1,"minecraft:acacia_sign":1,"minecraft:lava_bucket":2,"minecraft:cobweb":1,"minecraft:smooth_red_sandstone":1,"minecraft:mossy_cobblestone_slab":1,"minecraft:nether_gold_ore":1,"minecraft:torch":5,"minecraft:repeater":3,"minecraft:wooden_axe":1,"minecraft:lapis_ore":1,"minecraft:lime_carpet":1,"minecraft:crimson_sign":1,"minecraft:green_carpet":1,"minecraft:oak_stairs":1,"minecraft:polished_basalt":1,"minecraft:cactus":2,"minecraft:smooth_sandstone":1,"minecraft:red_nether_brick_wall":1,"minecraft:redstone_block":1,"minecraft:redstone":3,"minecraft:purpur_pillar":1,"minecraft:redstone_ore":1,"minecraft:warped_nylium":1,"minecraft:dark_oak_sign":1,"minecraft:chiseled_quartz_block":1,"minecraft:slime_block":1,"minecraft:stone_slab":3,"minecraft:diamond_ore":1,"minecraft:oak_sign":2,"minecraft:red_nether_brick_stairs":1,"minecraft:shroomlight":1,"minecraft:stone":5,"minecraft:redstone_torch":1,"minecraft:birch_sign":2,"minecraft:nether_quartz_ore":1,"minecraft:magma_block":1},"minecraft:picked_up":{"minecraft:wooden_axe":2,"minecraft:black_carpet":6,"minecraft:light_blue_concrete":3,"minecraft:yellow_wool":1,"minecraft:blue_concrete":4,"minecraft:smooth_stone_slab":1,"minecraft:red_nether_bricks":1,"minecraft:sea_pickle":2,"minecraft:red_sand":19,"minecraft:written_book":1,"minecraft:stick":2,"minecraft:purpur_pillar":1,"minecraft:torch":6,"minecraft:brown_carpet":1,"minecraft:quartz_block":7,"minecraft:cactus":2,"minecraft:lime_carpet":1,"minecraft:command_block":1,"minecraft:glowstone":1,"minecraft:snowball":13,"minecraft:barrier":1,"minecraft:repeater":2,"minecraft:iron_door":1,"minecraft:gray_concrete":3,"minecraft:netherite_axe":1,"minecraft:bamboo":12,"minecraft:cyan_concrete":4,"minecraft:pink_concrete":3,"minecraft:sand":4,"minecraft:light_gray_concrete":3,"minecraft:green_concrete":4,"minecraft:black_concrete":2,"minecraft:polished_blackstone_button":6,"minecraft:white_concrete":2,"minecraft:chorus_fruit":38,"minecraft:dark_oak_fence":1,"minecraft:nether_wart":2,"minecraft:ladder":5,"minecraft:chest_minecart":1,"minecraft:redstone_lamp":1,"minecraft:orange_concrete":2,"minecraft:wooden_sword":1,"minecraft:beef":1,"minecraft:poppy":1,"minecraft:sugar_cane":1,"minecraft:stone":1,"minecraft:stone_button":4,"minecraft:redstone":7,"minecraft:stone_pressure_plate":1,"minecraft:dark_oak_planks":1,"minecraft:weeping_vines":4,"minecraft:nether_bricks":1,"minecraft:white_wool":1,"minecraft:smooth_red_sandstone":1,"minecraft:leather":2,"minecraft:brown_concrete":4,"minecraft:birch_pressure_plate":1,"minecraft:kelp":1,"minecraft:purple_concrete":4,"minecraft:yellow_concrete":2,"minecraft:dandelion":2,"minecraft:lime_concrete":4,"minecraft:gravel":1,"minecraft:soul_torch":2,"minecraft:light_blue_stained_glass":1,"minecraft:green_carpet":2,"minecraft:magenta_concrete":3,"minecraft:netherite_hoe":1,"minecraft:black_wool":1,"minecraft:red_concrete":3}},"DataVersion":2567}